{"armlength": 705.2838695357568, "height_eye": 1640, "center_eye": 31.937722621607836, "eyeshouldervector_y": 158.61994346220789, "eyeshouldervector_z": 272.9529115557862}